trade_date,membership_row_count,distinct_stock_code_count,fold_count,split_role_count
2018-06-08,1872,312,6,1
2018-06-15,1872,312,6,1
2018-06-22,1872,312,6,1
2018-06-29,1872,312,6,1
2018-07-06,1872,312,6,1
2018-07-13,1872,312,6,1
2018-07-20,1872,312,6,1
2018-07-27,1872,312,6,1
2018-08-03,1872,312,6,1
2018-08-10,1872,312,6,1
2018-08-17,1872,312,6,1
2018-08-24,1872,312,6,1
2018-08-31,1872,312,6,1
2018-09-07,1872,312,6,1
2018-09-14,1872,312,6,1
2018-09-21,1872,312,6,1
2018-09-28,1872,312,6,1
2018-10-05,1872,312,6,1
2018-10-12,1872,312,6,1
2018-10-19,1872,312,6,1
2018-10-26,1872,312,6,1
2018-11-02,1872,312,6,1
2018-11-09,1872,312,6,1
2018-11-16,1872,312,6,1
2018-11-23,1872,312,6,1
2018-11-30,1872,312,6,1
2018-12-07,1872,312,6,1
2018-12-14,1872,312,6,1
2018-12-21,1872,312,6,1
2018-12-28,1872,312,6,1
2019-01-04,1872,312,6,1
2019-01-11,1872,312,6,1
2019-01-18,1872,312,6,1
2019-01-25,1872,312,6,1
2019-02-01,1872,312,6,1
2019-02-08,1872,312,6,1
2019-02-15,1872,312,6,1
2019-02-22,1872,312,6,1
2019-03-01,1872,312,6,1
2019-03-08,1872,312,6,1
2019-03-15,1872,312,6,1
2019-03-22,1872,312,6,1
2019-03-29,1872,312,6,1
2019-04-05,1872,312,6,1
2019-04-12,1872,312,6,1
2019-04-19,1872,312,6,1
2019-04-26,1872,312,6,1
2019-05-03,1872,312,6,1
2019-05-10,1872,312,6,1
2019-05-17,1872,312,6,1
2019-05-24,1872,312,6,1
2019-05-31,1872,312,6,1
2019-06-07,1872,312,6,1
2019-06-14,1872,312,6,1
2019-06-21,1872,312,6,1
2019-06-28,1872,312,6,1
2019-07-05,1872,312,6,1
2019-07-12,1872,312,6,1
2019-07-19,1872,312,6,1
2019-07-26,1872,312,6,1
2019-08-02,1872,312,6,1
2019-08-09,1872,312,6,1
2019-08-16,1872,312,6,1
2019-08-23,1872,312,6,1
2019-08-30,1872,312,6,1
2019-09-06,1872,312,6,1
2019-09-13,1872,312,6,1
2019-09-20,1872,312,6,1
2019-09-27,1872,312,6,1
2019-10-04,1872,312,6,1
2019-10-11,1872,312,6,1
2019-10-18,1872,312,6,1
2019-10-25,1872,312,6,1
2019-11-01,1872,312,6,1
2019-11-08,1872,312,6,1
2019-11-15,1872,312,6,1
2019-11-22,1872,312,6,1
2019-11-29,1872,312,6,1
2019-12-06,1872,312,6,1
2019-12-13,1872,312,6,1
2019-12-20,1872,312,6,1
2019-12-27,1872,312,6,1
2020-01-03,1872,312,6,1
2020-01-10,1872,312,6,1
2020-01-17,1872,312,6,1
2020-01-24,1872,312,6,1
2020-01-31,1872,312,6,1
2020-02-07,1872,312,6,1
2020-02-14,1872,312,6,1
2020-02-21,1872,312,6,1
2020-02-28,1872,312,6,1
2020-03-06,1872,312,6,1
2020-03-13,1872,312,6,1
2020-03-20,1872,312,6,1
2020-03-27,1872,312,6,1
2020-04-03,1872,312,6,1
2020-04-10,1872,312,6,1
2020-04-17,1872,312,6,1
2020-04-24,1872,312,6,1
2020-05-01,1872,312,6,1
2020-05-08,1872,312,6,1
2020-05-15,1872,312,6,1
2020-05-22,1872,312,6,1
2020-05-29,1872,312,6,1
2020-06-05,1872,312,6,1
2020-06-12,1872,312,6,1
2020-06-19,1872,312,6,1
2020-06-26,1872,312,6,1
2020-07-03,1872,312,6,1
2020-07-10,1872,312,6,1
2020-07-17,1872,312,6,1
2020-07-24,1872,312,6,1
2020-07-31,1872,312,6,1
2020-08-07,1872,312,6,1
2020-08-14,1872,312,6,1
2020-08-21,1872,312,6,1
2020-08-28,1872,312,6,1
2020-09-04,1872,312,6,1
2020-09-11,1872,312,6,1
2020-09-18,1872,312,6,1
2020-09-25,1872,312,6,1
2020-10-02,1872,312,6,1
2020-10-09,1872,312,6,1
2020-10-16,1872,312,6,1
2020-10-23,1872,312,6,1
2020-10-30,1872,312,6,1
2020-11-06,1560,312,5,1
2020-11-13,1560,312,5,1
2020-11-20,1560,312,5,1
2020-11-27,1560,312,5,1
2020-12-04,1560,312,5,1
2020-12-11,1560,312,5,1
2020-12-18,1560,312,5,1
2020-12-25,1560,312,5,1
2021-01-01,1560,312,5,1
2021-01-08,1560,312,5,1
2021-01-15,1560,312,5,1
2021-01-22,1872,312,6,2
2021-01-29,1866,311,6,2
2021-02-05,1866,311,6,2
2021-02-12,1866,311,6,2
2021-02-19,1866,311,6,2
2021-02-26,1866,311,6,2
2021-03-05,1866,311,6,2
2021-03-12,1866,311,6,2
2021-03-19,1866,311,6,2
2021-03-26,1545,309,5,2
2021-04-02,1545,309,5,2
2021-04-09,1545,309,5,2
2021-04-16,1545,309,5,2
2021-04-23,1545,309,5,2
2021-04-30,1545,309,5,2
2021-05-07,1545,309,5,2
2021-05-14,1545,309,5,2
2021-05-21,1545,309,5,2
2021-05-28,1545,309,5,2
2021-06-04,1545,309,5,2
2021-06-11,1545,309,5,2
2021-06-18,1545,309,5,2
2021-06-25,1545,309,5,2
2021-07-02,1545,309,5,2
2021-07-09,1545,309,5,2
2021-07-16,1545,309,5,2
2021-07-23,1545,309,5,2
2021-07-30,1545,309,5,2
2021-08-06,1545,309,5,2
2021-08-13,1236,309,4,2
2021-08-20,1236,309,4,2
2021-08-27,1236,309,4,2
2021-09-03,1236,309,4,2
2021-09-10,1236,309,4,2
2021-09-17,1232,308,4,2
2021-09-24,1232,308,4,2
2021-10-01,1232,308,4,2
2021-10-08,1232,308,4,2
2021-10-15,1232,308,4,2
2021-10-22,1228,307,4,2
2021-10-29,1228,307,4,2
2021-11-05,1228,307,4,2
2021-11-12,1228,307,4,2
2021-11-19,1228,307,4,2
2021-11-26,1228,307,4,2
2021-12-03,1228,307,4,2
2021-12-10,1228,307,4,2
2021-12-17,1228,307,4,2
2021-12-24,1228,307,4,2
2021-12-31,921,307,3,2
2022-01-07,921,307,3,2
2022-01-14,921,307,3,2
2022-01-21,921,307,3,2
2022-01-28,918,306,3,2
2022-02-04,918,306,3,2
2022-02-11,918,306,3,2
2022-02-18,918,306,3,2
2022-02-25,918,306,3,2
2022-03-04,918,306,3,2
2022-03-11,918,306,3,2
2022-03-18,918,306,3,2
2022-03-25,918,306,3,2
2022-04-01,918,306,3,2
2022-04-08,918,306,3,2
2022-04-15,918,306,3,2
2022-04-22,918,306,3,2
2022-04-29,915,305,3,2
2022-05-06,915,305,3,2
2022-05-13,915,305,3,2
2022-05-20,610,305,2,2
2022-05-27,610,305,2,2
2022-06-03,610,305,2,2
2022-06-10,610,305,2,2
2022-06-17,610,305,2,2
2022-06-24,610,305,2,2
2022-07-01,610,305,2,2
2022-07-08,610,305,2,2
2022-07-15,610,305,2,2
2022-07-22,610,305,2,2
2022-07-29,610,305,2,2
2022-08-05,610,305,2,2
2022-08-12,610,305,2,2
2022-08-19,610,305,2,2
2022-08-26,610,305,2,2
2022-09-02,610,305,2,2
2022-09-09,610,305,2,2
2022-09-16,610,305,2,2
2022-09-23,610,305,2,2
2022-09-30,610,305,2,2
2022-10-07,305,305,1,1
2022-10-14,305,305,1,1
2022-10-21,305,305,1,1
2022-10-28,305,305,1,1
2022-11-04,305,305,1,1
2022-11-11,305,305,1,1
2022-11-18,305,305,1,1
2022-11-25,305,305,1,1
2022-12-02,305,305,1,1
2022-12-09,305,305,1,1
2022-12-16,305,305,1,1
2022-12-23,305,305,1,1
2022-12-30,305,305,1,1
2023-01-06,305,305,1,1
2023-01-13,305,305,1,1
2023-01-20,305,305,1,1
2023-01-27,305,305,1,1
2023-02-03,305,305,1,1
2023-02-10,305,305,1,1
2023-02-17,304,304,1,1
2023-02-24,304,304,1,1
2023-03-03,304,304,1,1
2023-03-10,304,304,1,1
2023-03-17,303,303,1,1
2023-03-24,303,303,1,1
2023-03-31,301,301,1,1
2023-04-07,300,300,1,1
2023-04-14,300,300,1,1
2023-04-21,300,300,1,1
2023-04-28,300,300,1,1
2023-05-05,300,300,1,1


