scored_rows,accuracy,balanced_accuracy,mcc,macro_precision,macro_recall,macro_f1,ordinal_mae,confusion_matrix,precision_down,recall_down,f1_down,precision_neutral,recall_neutral,f1_neutral,precision_up,recall_up,f1_up,brier,multiclass_log_loss,ece_10bin,mean_confidence,mean_entropy,predicted_prevalence_down,predicted_prevalence_neutral,predicted_prevalence_up,observed_prevalence_down,observed_prevalence_neutral,observed_prevalence_up,key_coverage,valid_target_coverage,max_probability_sum_error,qualified_weeks,mean_weekly_spearman_ic,median_weekly_spearman_ic,ic_standard_deviation,icir_annualized,positive_ic_week_rate,mean_top_bottom_decile_h4_spread,positive_top_bottom_week_rate,minimum_universe_compliance,model_id,fold_id
5859,0.4782386072708653,0.35655737227637446,0.05774295257536318,0.3182268073487619,0.35655737227637446,0.33507293825251666,0.9382147124082608,"[[1587, 0, 1023], [268, 0, 349], [1417, 0, 1215]]",0.4850244498777506,0.6080459770114942,0.5396123767426045,0.0,0.0,0.0,0.469655972168535,0.4616261398176292,0.4656064380149454,0.588357019125066,0.9591436999098336,0.013702249008714225,0.4884065651351245,0.9807681885627778,0.5584570745861068,0.0,0.4415429254138932,0.445468509984639,0.10530807305000853,0.44922341696535245,1.0,0.9451524439425714,0.0,19,0.10901639979068381,0.12202778918358537,0.12237921400248884,6.4237088383947025,0.8421052631578947,0.023471570463932615,0.631578947368421,1.0,INCUMBENT_ORDINAL_T2_DEV,REV2_RO_01
5540,0.4796028880866426,0.35813052639106546,0.06098925445557622,0.32027342189834723,0.35813052639106546,0.33801699723451556,0.9335740072202167,"[[1318, 0, 1140], [178, 0, 416], [1149, 0, 1339]]",0.49829867674858225,0.5362082994304312,0.5165588869292573,0.0,0.0,0.0,0.4625215889464594,0.5381832797427653,0.49749210477428946,0.5900171637882207,0.9616718769830506,0.018677683824244,0.4835542146377468,0.9820086976470558,0.47743682310469315,0.0,0.5225631768953068,0.44368231046931406,0.10722021660649819,0.4490974729241877,1.0,0.8974566661266807,0.0,18,0.09458169578925725,0.07738676291382016,0.14614719993561245,4.666790113512199,0.7222222222222222,0.003302270460018066,0.5555555555555556,1.0,INCUMBENT_ORDINAL_T2_DEV,REV2_RO_02
5511,0.48285247686445293,0.36341069925709696,0.07342691820814393,0.3215904474167239,0.36341069925709696,0.3407758999756014,0.9203411359099982,"[[1441, 0, 992], [275, 0, 353], [1230, 0, 1220]]",0.4891378139850645,0.5922729140978216,0.5357873210633947,0.0,0.0,0.0,0.4756335282651072,0.49795918367346936,0.48654037886340973,0.5904050351580982,0.9648113652757755,0.006493444042696601,0.4773747789811897,0.9796709713457297,0.5345672291780076,0.0,0.46543277082199236,0.44148067501360916,0.11395391036109599,0.44456541462529486,1.0,0.8985814446437307,0.0,18,0.13079106050359568,0.11137166022341907,0.11000145863421286,8.57395676153984,0.8888888888888888,0.02999435979658179,0.7222222222222222,1.0,INCUMBENT_ORDINAL_T2_DEV,REV2_RO_03
5476,0.49159970781592405,0.3637105917384588,0.08145896202400395,0.3300477231530594,0.3637105917384588,0.33428056652002053,0.9198319941563184,"[[1802, 0, 655], [313, 0, 218], [1598, 0, 890]]",0.4853218421761379,0.7334147334147334,0.5841166936790924,0.0,0.0,0.0,0.5048213272830403,0.35771704180064307,0.41872500588096917,0.5768456283566277,0.940241226436876,0.009617938814920554,0.48873382087426226,0.9729895523474726,0.6780496712929145,0.0,0.32195032870708545,0.44868517165814464,0.09696859021183346,0.4543462381300219,1.0,0.8968227972486079,0.0,18,0.18166957001314538,0.18053468870107664,0.08478688715042368,15.450949359935729,1.0,0.05724670750948191,0.9444444444444444,1.0,INCUMBENT_ORDINAL_T2_DEV,REV2_RO_04
5481,0.49388797664659734,0.37526128166733813,0.10229528902393899,0.3289481811730373,0.37526128166733813,0.34784573662179225,0.8901660280970626,"[[1595, 0, 803], [318, 0, 351], [1302, 0, 1112]]",0.49611197511664074,0.6651376146788991,0.5683235346517015,0.0,0.0,0.0,0.4907325684024713,0.46064623032311514,0.47521367521367525,0.59000338051559,0.9683015545883215,0.015871914899174167,0.4780160617474232,0.9753828546632587,0.5865717934683452,0.0,0.4134282065316548,0.4375114030286444,0.12205801860974275,0.44043057836161287,1.0,0.8985245901639344,0.0,18,0.18106793386796147,0.20970319737324522,0.11435282907240567,11.418164731016628,0.8888888888888888,0.05128410345337506,0.8888888888888888,1.0,INCUMBENT_ORDINAL_T2_DEV,REV2_RO_05
5415,0.47331486611265006,0.3649757844295894,0.08104067053204739,0.3228044708060034,0.3649757844295894,0.32820442523975163,0.9168975069252078,"[[830, 0, 1500], [180, 0, 559], [613, 0, 1733]]",0.5113986444855206,0.3562231759656652,0.4199342271692385,0.0,0.0,0.0,0.45701476793248946,0.7387041773231031,0.5646790485500164,0.6022527836573289,0.9902493614179242,0.016414134742432033,0.4782791208827507,0.9753735506820069,0.2997229916897507,0.0,0.7002770083102493,0.43028624192059095,0.13647276084949214,0.4332409972299169,1.0,0.8931222167243938,0.0,17,0.16715398978711407,0.2062464300570739,0.10676714221211067,11.289658383447133,0.9411764705882353,0.030243896689132833,0.8235294117647058,0.9444444444444444,INCUMBENT_ORDINAL_T2_DEV,REV2_RO_06
5859,0.10530807305000853,0.3333333333333333,0.0,0.03510269101666951,0.3333333333333333,0.06351657401688285,0.8946919269499914,"[[0, 2610, 0], [0, 617, 0], [0, 2632, 0]]",0.0,0.0,0.0,0.10530807305000853,1.0,0.19054972205064855,0.0,0.0,0.0,1.7893838538999767,30.901564407257514,0.8946919269499896,0.9999999999999981,7.129799883907156e-14,0.0,1.0,0.0,0.445468509984639,0.10530807305000853,0.44922341696535245,1.0,0.9451524439425714,0.0,0,,,,,,,,1.0,NAIVE_NEUTRAL,REV2_RO_01
5540,0.10722021660649819,0.3333333333333333,0.0,0.035740072202166066,0.3333333333333333,0.06455820019563091,0.8927797833935018,"[[0, 2458, 0], [0, 594, 0], [0, 2488, 0]]",0.0,0.0,0.0,0.10722021660649819,1.0,0.19367460058689273,0.0,0.0,0.0,1.7855595667869977,30.83552130852495,0.8927797833934998,0.999999999999998,7.129799883907155e-14,0.0,1.0,0.0,0.44368231046931406,0.10722021660649819,0.4490974729241877,1.0,0.8974566661266807,0.0,0,,,,,,,,1.0,NAIVE_NEUTRAL,REV2_RO_02
5511,0.11395391036109599,0.3333333333333333,0.0,0.037984636787032,0.3333333333333333,0.06819786067220503,0.886046089638904,"[[0, 2433, 0], [0, 628, 0], [0, 2450, 0]]",0.0,0.0,0.0,0.11395391036109599,1.0,0.20459358201661507,0.0,0.0,0.0,1.7720921792778022,30.602947765623092,0.886046089638902,0.999999999999998,7.129799883907155e-14,0.0,1.0,0.0,0.44148067501360916,0.11395391036109599,0.44456541462529486,1.0,0.8985814446437307,0.0,0,,,,,,,,1.0,NAIVE_NEUTRAL,REV2_RO_03
5476,0.09696859021183346,0.3333333333333333,0.0,0.03232286340394449,0.3333333333333333,0.058931246878641576,0.9030314097881665,"[[0, 2457, 0], [0, 531, 0], [0, 2488, 0]]",0.0,0.0,0.0,0.09696859021183346,1.0,0.17679374063592473,0.0,0.0,0.0,1.806062819576327,31.189599940254435,0.9030314097881645,0.999999999999998,7.129799883907155e-14,0.0,1.0,0.0,0.44868517165814464,0.09696859021183346,0.4543462381300219,1.0,0.8968227972486079,0.0,0,,,,,,,,1.0,NAIVE_NEUTRAL,REV2_RO_04
5481,0.12205801860974275,0.3333333333333333,0.0,0.04068600620324758,0.3333333333333333,0.07252032520325204,0.8779419813902573,"[[0, 2398, 0], [0, 669, 0], [0, 2414, 0]]",0.0,0.0,0.0,0.12205801860974275,1.0,0.21756097560975612,0.0,0.0,0.0,1.7558839627805085,30.32304178294293,0.8779419813902553,0.999999999999998,7.129799883907155e-14,0.0,1.0,0.0,0.4375114030286444,0.12205801860974275,0.44043057836161287,1.0,0.8985245901639344,0.0,0,,,,,,,,1.0,NAIVE_NEUTRAL,REV2_RO_05
5415,0.13647276084949214,0.3333333333333333,0.0,0.045490920283164045,0.3333333333333333,0.0800563319250352,0.8635272391505079,"[[0, 2330, 0], [0, 739, 0], [0, 2346, 0]]",0.0,0.0,0.0,0.13647276084949214,1.0,0.2401689957751056,0.0,0.0,0.0,1.72705447830101,29.825174223933946,0.8635272391505059,0.999999999999998,7.129799883907155e-14,0.0,1.0,0.0,0.43028624192059095,0.13647276084949214,0.4332409972299169,1.0,0.8931222167243938,0.0,0,,,,,,,,0.9444444444444444,NAIVE_NEUTRAL,REV2_RO_06
5859,0.44922341696535245,0.3333333333333333,0.0,0.14974113898845082,0.3333333333333333,0.20665017862050014,0.9962450930192865,"[[0, 0, 2610], [0, 0, 617], [0, 0, 2632]]",0.0,0.0,0.0,0.0,0.0,0.0,0.44922341696535245,1.0,0.6199505358615004,0.5899534097514846,0.960669728862659,0.01584939123523693,0.4333740257301155,0.9948480874764485,0.0,0.0,1.0,0.445468509984639,0.10530807305000853,0.44922341696535245,1.0,0.9451524439425714,0.0,0,,,,,,,,1.0,NAIVE_PRIOR,REV2_RO_01
5540,0.4490974729241877,0.3333333333333333,0.0,0.1496991576413959,0.3333333333333333,0.2066101976415878,0.9945848375451264,"[[0, 0, 2458], [0, 0, 594], [0, 0, 2488]]",0.0,0.0,0.0,0.0,0.0,0.0,0.4490974729241877,1.0,0.6198305929247634,0.5908676108396661,0.9622585189523066,0.013981313635510861,0.43511615928867686,0.9914863487199279,0.0,0.0,1.0,0.44368231046931406,0.10722021660649819,0.4490974729241877,1.0,0.8974566661266807,0.0,0,,,,,,,,1.0,NAIVE_PRIOR,REV2_RO_02
5511,0.44456541462529486,0.3333333333333333,0.0,0.14818847154176495,0.3333333333333333,0.20516685508520704,0.9969152603883142,"[[0, 0, 2433], [0, 0, 628], [0, 0, 2450]]",0.0,0.0,0.0,0.0,0.0,0.0,0.44456541462529486,1.0,0.6155005652556211,0.594740898234126,0.9696918284260504,0.007312151887846452,0.4372532627374484,0.986192401111145,0.0,0.0,1.0,0.44148067501360916,0.11395391036109599,0.44456541462529486,1.0,0.8985814446437307,0.0,0,,,,,,,,1.0,NAIVE_PRIOR,REV2_RO_03
5476,0.4543462381300219,0.3333333333333333,0.0,0.15144874604334063,0.3333333333333333,0.20827055081198728,0.9943389335281227,"[[0, 0, 2457], [0, 0, 531], [0, 0, 2488]]",0.0,0.0,0.0,0.0,0.0,0.0,0.4543462381300219,1.0,0.6248116524359618,0.5841602878941962,0.948534499934559,0.016314909009583878,0.438031329120438,0.9851264445364104,0.0,0.0,1.0,0.44868517165814464,0.09696859021183346,0.4543462381300219,1.0,0.8968227972486079,0.0,0,,,,,,,,1.0,NAIVE_PRIOR,REV2_RO_04
5481,0.44043057836161287,0.3333333333333333,0.0,0.14681019278720428,0.3333333333333333,0.20384209415241714,0.9970808246670315,"[[0, 0, 2398], [0, 0, 669], [0, 0, 2414]]",0.0,0.0,0.0,0.0,0.0,0.0,0.44043057836161287,1.0,0.6115262824572514,0.5997116852225923,0.9795595351246902,0.0010369207776829148,0.43939365758392995,0.9818983399032178,0.0,0.0,1.0,0.4375114030286444,0.12205801860974275,0.44043057836161287,1.0,0.8985245901639344,0.0,0,,,,,,,,1.0,NAIVE_PRIOR,REV2_RO_05
5415,0.4332409972299169,0.3333333333333333,0.0,0.14441366574330564,0.3333333333333333,0.20152042262595027,0.997045244690674,"[[0, 0, 2330], [0, 0, 739], [0, 0, 2346]]",0.0,0.0,0.0,0.0,0.0,0.0,0.4332409972299169,1.0,0.6045612678778508,0.6088160503003124,0.9979102207600545,0.006839345746824321,0.4400803429767412,0.9803532288212989,0.0,0.0,1.0,0.43028624192059095,0.13647276084949214,0.4332409972299169,1.0,0.8931222167243938,0.0,0,,,,,,,,0.9444444444444444,NAIVE_PRIOR,REV2_RO_06
5859,0.4767025089605735,0.3554922808774606,0.05557342091785779,0.3171367655233753,0.3554922808774606,0.3325258904681685,0.9412869090288445,"[[1657, 0, 953], [289, 0, 328], [1496, 0, 1136]]",0.48140615920976176,0.6348659003831417,0.5475875743555849,0.0,0.0,0.0,0.47000413736036406,0.4316109422492401,0.44999009704892057,0.5895615193443534,0.9632554762745368,0.04005759554144887,0.43664491341912454,1.0181433909050517,0.5874722648916197,0.0,0.41252773510838026,0.445468509984639,0.10530807305000853,0.44922341696535245,1.0,0.9451524439425714,2.220446049250313e-16,19,0.11397968756273216,0.12534611213163166,0.12349282939931357,6.655602756334291,0.8421052631578947,0.02049316006009308,0.6842105263157895,1.0,REV8_C0_TARGET_ADAPTED_HETEROSKEDASTIC_ORDINAL,REV2_RO_01
5540,0.48411552346570397,0.3616074815746993,0.06953358968509764,0.3226244322460971,0.3616074815746993,0.34097344356341147,0.9245487364620939,"[[1396, 0, 1062], [209, 0, 385], [1202, 0, 1286]]",0.49732810830067686,0.5679414157851912,0.5302943969610636,0.0,0.0,0.0,0.47054518843761434,0.5168810289389068,0.49262593372917063,0.588946787955383,0.9605817479210905,0.029731085502814544,0.45468943495473807,1.013352950009756,0.5066787003610108,0.0,0.4933212996389892,0.44368231046931406,0.10722021660649819,0.4490974729241877,1.0,0.8974566661266807,2.220446049250313e-16,18,0.09224268693768287,0.08811285812083389,0.13031416542967986,5.104368146682531,0.8333333333333334,-0.0019008391030118444,0.5555555555555556,1.0,REV8_C0_TARGET_ADAPTED_HETEROSKEDASTIC_ORDINAL,REV2_RO_02
5511,0.4844855743059336,0.36472359926296866,0.07728295826352789,0.3228120736560833,0.36472359926296866,0.3405920665605542,0.9170749410270368,"[[1534, 0, 899], [308, 0, 320], [1314, 0, 1136]]",0.48605830164765523,0.6304973284011508,0.5489354088387906,0.0,0.0,0.0,0.4823779193205945,0.4636734693877551,0.472840790842872,0.5905191111245931,0.9646088400093545,0.03248257552455823,0.4520029987813754,1.00461077219843,0.57267283614589,0.0,0.42732716385410996,0.44148067501360916,0.11395391036109599,0.44456541462529486,1.0,0.8985814446437307,2.220446049250313e-16,18,0.1365016038690619,0.10853931700125524,0.09033441823255374,10.8964786968787,0.8888888888888888,0.03516489217450852,0.8888888888888888,1.0,REV8_C0_TARGET_ADAPTED_HETEROSKEDASTIC_ORDINAL,REV2_RO_03
5476,0.48739956172388604,0.3606646321008593,0.07408069721282919,0.3271991146806183,0.3606646321008593,0.3296609151697647,0.9282322863403945,"[[1823, 0, 634], [318, 0, 213], [1642, 0, 846]]",0.48189267776896644,0.7419617419617419,0.5842948717948717,0.0,0.0,0.0,0.49970466627288834,0.340032154340836,0.4046878737144224,0.5833301679700299,0.9511354622227715,0.04573465508603274,0.44166490663785335,1.0110824315515032,0.6908327246165084,0.0,0.3091672753834916,0.44868517165814464,0.09696859021183346,0.4543462381300219,1.0,0.8968227972486079,2.220446049250313e-16,18,0.15027697103891619,0.15076971516155596,0.10218861631745989,10.604533932017869,0.8888888888888888,0.03994494992951273,0.7777777777777778,1.0,REV8_C0_TARGET_ADAPTED_HETEROSKEDASTIC_ORDINAL,REV2_RO_04
5481,0.48859697135559205,0.3713655792051693,0.09541665675530715,0.326551946943652,0.3713655792051693,0.3400270898262501,0.9007480386790732,"[[1713, 0, 685], [366, 0, 303], [1449, 0, 965]]",0.48554421768707484,0.7143452877397831,0.578130273371583,0.0,0.0,0.0,0.4941116231438812,0.3997514498757249,0.44195099610716737,0.5926696269898725,0.971310858027472,0.037346584680356,0.4512503866752362,1.0087220379954096,0.6436781609195402,0.0,0.3563218390804598,0.4375114030286444,0.12205801860974275,0.44043057836161287,1.0,0.8985245901639344,2.220446049250313e-16,18,0.17499236836888682,0.19404466342268323,0.11002843395050173,11.468743747688812,0.8888888888888888,0.05314713738587988,0.8888888888888888,1.0,REV8_C0_TARGET_ADAPTED_HETEROSKEDASTIC_ORDINAL,REV2_RO_05
5415,0.4773776546629732,0.3682480269584975,0.0854827374264613,0.32255561495737917,0.3682480269584975,0.3368442954311211,0.9087719298245615,"[[980, 0, 1350], [214, 0, 525], [741, 0, 1605]]",0.5064599483204134,0.4206008583690987,0.45955451348182885,0.0,0.0,0.0,0.46120689655172414,0.6841432225063938,0.5509783728115345,0.6006526250896597,0.986187854507754,0.009039456851780906,0.4693145321845099,0.9883580940588848,0.3573407202216066,0.0,0.6426592797783933,0.43028624192059095,0.13647276084949214,0.4332409972299169,1.0,0.8931222167243938,2.220446049250313e-16,17,0.16644716978531252,0.20348341725651167,0.10151814510558141,11.823183031814668,0.9411764705882353,0.029708105861741173,0.7647058823529411,0.9444444444444444,REV8_C0_TARGET_ADAPTED_HETEROSKEDASTIC_ORDINAL,REV2_RO_06


