model_id,industry_group,samples,mse,mae,rmse,mape,accuracy,precision,recall,f1,mcc
frets_return_l4__fixed_shrink_a075,交通运输,360,0.0013410223951854862,0.02682474957133911,0.03661997262677139,4.3751144740073045,0.5861111111111111,0.3979591836734694,0.3023255813953488,0.3436123348017621,0.05054086177288642
frets_return_l4__fixed_shrink_a075,信息技术,405,0.003530439147465293,0.042052108813781415,0.05941749866382203,15.33164237731178,0.5061728395061729,0.5339805825242718,0.26570048309178745,0.3548387096774193,0.02671828161135753
frets_return_l4__fixed_shrink_a075,公用事业,405,0.000960778967474741,0.024162931663392326,0.030996434754254253,70.80662074609864,0.5432098765432098,0.5327102803738317,0.296875,0.3812709030100334,0.0703662210193627
frets_return_l4__fixed_shrink_a075,其他,405,0.002432459444254884,0.03440635395574058,0.04931997003501608,45.053566009365724,0.562962962962963,0.4716981132075472,0.29239766081871343,0.36101083032490977,0.05964307164441345
frets_return_l4__fixed_shrink_a075,医疗健康,405,0.0035596662120507233,0.03741424478156442,0.05966293834576641,19.328988323858773,0.5407407407407407,0.4745762711864407,0.3111111111111111,0.3758389261744966,0.03888239684313979
frets_return_l4__fixed_shrink_a075,原材料,405,0.0017304215286908361,0.029845127374017108,0.04159833564808616,14.09020377210268,0.5481481481481482,0.41964285714285715,0.28484848484848485,0.33935018050541516,0.015395810915644457
frets_return_l4__fixed_shrink_a075,可选消费,405,0.0028346158245338964,0.03790380252492151,0.053241110286449664,61.238131636292636,0.5209876543209877,0.5192307692307693,0.2727272727272727,0.3576158940397351,0.035679040659145185
frets_return_l4__fixed_shrink_a075,工业,405,0.0014043345439043251,0.027534861579525845,0.03747445188264033,10.84961535821439,0.49876543209876545,0.40336134453781514,0.26666666666666666,0.3210702341137124,-0.05333117858176858
frets_return_l4__fixed_shrink_a075,房地产,360,0.0018319133567418775,0.0320668493049096,0.04280085696270435,55.71916211753241,0.625,0.6339285714285714,0.4303030303030303,0.5126353790613718,0.23683131595738025
frets_return_l4__fixed_shrink_a075,日常消费,360,0.0023305555681676993,0.033922613486275684,0.048275827990493334,139.77487654348306,0.5972222222222222,0.4519230769230769,0.34814814814814815,0.39330543933054396,0.10127393670836667
frets_return_l4__fixed_shrink_a075,综合,225,0.0007708078634147073,0.021286287410184693,0.027763426723203807,65.29336755350677,0.56,0.3235294117647059,0.29333333333333333,0.30769230769230765,-0.01368707715069901
frets_return_l4__fixed_shrink_a075,能源,225,0.001656059224180662,0.026824712006685594,0.04069470756966638,41.733035175591034,0.5333333333333333,0.4745762711864407,0.27450980392156865,0.3478260869565218,0.025439959575588554
frets_return_l4__fixed_shrink_a075,金融,135,0.0024108900447148535,0.035924335239731015,0.04910081511252999,51.752802656302435,0.5037037037037037,0.5757575757575758,0.2638888888888889,0.3619047619047619,0.04836912437199343
naive,交通运输,360,0.0013480654700190951,0.02719634652021336,0.036716011085343885,0.9916666666666667,0.35833333333333334,0.35833333333333334,1.0,0.5276073619631901,0.0
naive,信息技术,405,0.0035111437334941747,0.04219500409973851,0.059254904720994823,0.9925925925925926,0.5111111111111111,0.5111111111111111,1.0,0.676470588235294,0.0
naive,公用事业,405,0.0009658774999130261,0.024259574293952254,0.031078569785513394,0.9629629629629629,0.4740740740740741,0.4740740740740741,1.0,0.6432160804020101,0.0
naive,其他,405,0.002444668498414672,0.034893735156704936,0.04944358905272424,0.9629629629629629,0.4222222222222222,0.4222222222222222,1.0,0.59375,0.0
naive,医疗健康,405,0.003646680109811971,0.03770415800132059,0.06038774801076764,0.9777777777777777,0.4444444444444444,0.4444444444444444,1.0,0.6153846153846153,0.0
naive,原材料,405,0.0017556802165417014,0.030327648961381876,0.0419008378978476,0.9925925925925926,0.4074074074074074,0.4074074074074074,1.0,0.5789473684210525,0.0
naive,可选消费,405,0.002828223172760646,0.038145361632470835,0.053181041478713505,0.9629629629629629,0.4888888888888889,0.4888888888888889,1.0,0.6567164179104478,0.0
naive,工业,405,0.0014268899555563012,0.027784311282017256,0.03777419695448602,0.9851851851851852,0.4444444444444444,0.4444444444444444,1.0,0.6153846153846153,0.0
naive,房地产,360,0.0019026046698502885,0.03290469481047083,0.04361885681503229,0.975,0.4583333333333333,0.4583333333333333,1.0,0.6285714285714286,0.0
naive,日常消费,360,0.0023882226582098856,0.034740625198658816,0.048869445036851866,0.9666666666666667,0.375,0.375,1.0,0.5454545454545454,0.0
naive,综合,225,0.0007957077499309504,0.02156333123488968,0.02820829221932711,0.9733333333333334,0.3333333333333333,0.3333333333333333,1.0,0.5,0.0
naive,能源,225,0.0016877451545019909,0.026902045323513406,0.04108217563009524,0.9466666666666667,0.4533333333333333,0.4533333333333333,1.0,0.6238532110091742,0.0
naive,金融,135,0.002380316883338003,0.03553978854583365,0.048788491300080214,0.9555555555555556,0.5333333333333333,0.5333333333333333,1.0,0.6956521739130436,0.0
stock_node_gwnet_bounded_cwgan_gp_l8,交通运输,360,0.001269391311550297,0.025739375381251862,0.03562851823399756,12.295250634228367,0.6388888888888888,0.48936170212765956,0.17829457364341086,0.2613636363636364,0.10588726972394476
stock_node_gwnet_bounded_cwgan_gp_l8,信息技术,405,0.003781389056490188,0.043481944875941085,0.06149300006090277,31.795730451793002,0.4419753086419753,0.32727272727272727,0.08695652173913043,0.13740458015267176,-0.1457876620303908
stock_node_gwnet_bounded_cwgan_gp_l8,公用事业,405,0.0009288584953389094,0.02340991146644045,0.030477179911187802,100.95626576314869,0.6049382716049383,0.6454545454545455,0.3697916666666667,0.47019867549668876,0.20958552012766574
stock_node_gwnet_bounded_cwgan_gp_l8,其他,405,0.002405426419603534,0.03441278134202466,0.049045146748720556,131.78120229725303,0.5950617283950618,0.5346534653465347,0.3157894736842105,0.39705882352941174,0.13120788863165886
stock_node_gwnet_bounded_cwgan_gp_l8,医疗健康,405,0.0035934646498625824,0.0373468517223775,0.059945514009495174,79.01477044710171,0.5407407407407407,0.45714285714285713,0.17777777777777778,0.256,0.011681633206491383
stock_node_gwnet_bounded_cwgan_gp_l8,原材料,405,0.0017268233083972818,0.02949701174619362,0.04155506357108941,28.543620393551475,0.6,0.5348837209302325,0.1393939393939394,0.22115384615384617,0.08941633570264772
stock_node_gwnet_bounded_cwgan_gp_l8,可选消费,405,0.002852134106654024,0.03753229212288936,0.053405375259930755,126.08170348625829,0.5432098765432098,0.7241379310344828,0.10606060606060606,0.18502202643171806,0.13069837731823952
stock_node_gwnet_bounded_cwgan_gp_l8,工业,405,0.001378569183250416,0.026894144127346586,0.037129088101519755,55.54607701789975,0.5851851851851851,0.625,0.16666666666666666,0.2631578947368421,0.133237010024753
stock_node_gwnet_bounded_cwgan_gp_l8,房地产,360,0.001786262480986003,0.031719417463237795,0.04226419857262176,39.94274507660661,0.6194444444444445,0.6707317073170732,0.3333333333333333,0.4453441295546558,0.23151489573860562
stock_node_gwnet_bounded_cwgan_gp_l8,日常消费,360,0.0023765045522707723,0.03334818716458455,0.04874940566069265,286.8925585073795,0.5888888888888889,0.32432432432432434,0.08888888888888889,0.13953488372093023,-0.03542774469443944
stock_node_gwnet_bounded_cwgan_gp_l8,综合,225,0.0007287930108195191,0.020899683352973694,0.0269961665948986,102.23334947220684,0.6533333333333333,0.4788732394366197,0.4533333333333333,0.4657534246575343,0.20963179894421963
stock_node_gwnet_bounded_cwgan_gp_l8,能源,225,0.0016482210207487856,0.026448499613648452,0.040598288396788175,260.410288636492,0.5822222222222222,0.5714285714285714,0.3137254901960784,0.40506329113924044,0.13655667190013338
stock_node_gwnet_bounded_cwgan_gp_l8,金融,135,0.002442226877576039,0.03624152985091006,0.0494188919096335,106.79043573121388,0.45185185185185184,0.4583333333333333,0.1527777777777778,0.22916666666666666,-0.069904098675135
stock_node_gwnet_feature_mask_l8,交通运输,360,0.0012779820949632447,0.025657979974898267,0.03574887543634407,21.792476968105802,0.6416666666666667,0.5,0.13178294573643412,0.20858895705521474,0.0954113387190951
stock_node_gwnet_feature_mask_l8,信息技术,405,0.0037238621460784996,0.04275531039147829,0.061023455704167555,60.71729171992804,0.49135802469135803,0.5116279069767442,0.10628019323671498,0.176,0.0003563167418432797
stock_node_gwnet_feature_mask_l8,公用事业,405,0.000919560505280391,0.023383805759389052,0.030324256054854684,99.6730942978651,0.6123456790123457,0.6635514018691588,0.3697916666666667,0.4749163879598662,0.22738175552537862
stock_node_gwnet_feature_mask_l8,其他,405,0.00244407228590574,0.03461150895160285,0.04943755946550901,89.59103595265861,0.5259259259259259,0.4146341463414634,0.2982456140350877,0.3469387755102041,-0.010146323524286063
stock_node_gwnet_feature_mask_l8,医疗健康,405,0.003637230595613806,0.037397990640350515,0.060309456933500954,91.85523258296558,0.5555555555555556,0.5,0.2611111111111111,0.34306569343065696,0.06146653600319047
stock_node_gwnet_feature_mask_l8,原材料,405,0.0016844640398278375,0.02917684868141936,0.041042222647267014,12.687378258559095,0.5901234567901235,0.4857142857142857,0.10303030303030303,0.16999999999999998,0.04901629731627433
stock_node_gwnet_feature_mask_l8,可选消费,405,0.002889157784497021,0.03774349122943445,0.05375088636010592,130.03749443775445,0.5481481481481482,0.7142857142857143,0.12626262626262627,0.2145922746781116,0.13868139782283462
stock_node_gwnet_feature_mask_l8,工业,405,0.001377823305644128,0.026822312344814164,0.03711904235893119,73.38240396939821,0.5506172839506173,0.47619047619047616,0.1111111111111111,0.1801801801801802,0.02173142926062534
stock_node_gwnet_feature_mask_l8,房地产,360,0.0018252249179818573,0.03211051287621049,0.042722651111346745,54.61065421930473,0.6,0.6329113924050633,0.30303030303030304,0.4098360655737705,0.18577756636658335
stock_node_gwnet_feature_mask_l8,日常消费,360,0.002411133183920086,0.0334679454991904,0.049103290968326004,254.923489232539,0.5888888888888889,0.3142857142857143,0.08148148148148149,0.12941176470588237,-0.04115547222147856
stock_node_gwnet_feature_mask_l8,综合,225,0.000723326219555566,0.020757568012922965,0.02689472475329625,63.89090235117356,0.6088888888888889,0.4084507042253521,0.38666666666666666,0.3972602739726028,0.10819705751959723
stock_node_gwnet_feature_mask_l8,能源,225,0.0017388588015877287,0.026794338730784715,0.04169962591664017,122.13340154323575,0.5377777777777778,0.48148148148148145,0.2549019607843137,0.3333333333333333,0.031774485665650797
stock_node_gwnet_feature_mask_l8,金融,135,0.0024133351482074467,0.03601264512269856,0.04912570761024666,70.8036419585058,0.4666666666666667,0.5,0.1388888888888889,0.2173913043478261,-0.02786391062876764
stock_node_gwnet_fixed_industry_l8,交通运输,360,0.0012760185008477492,0.025715717905162177,0.035721401160197355,19.18144517699311,0.6333333333333333,0.43478260869565216,0.07751937984496124,0.13157894736842105,0.04165086224435006
stock_node_gwnet_fixed_industry_l8,信息技术,405,0.0037128108847403764,0.042672582053763314,0.060932839132444634,50.55202480744632,0.49135802469135803,0.5142857142857142,0.08695652173913043,0.1487603305785124,0.001953259124265276
stock_node_gwnet_fixed_industry_l8,公用事业,405,0.000922753768316587,0.02345618724357333,0.030376862384331054,102.00334878966402,0.5975308641975309,0.6435643564356436,0.3385416666666667,0.4436860068259386,0.1956515556733072
stock_node_gwnet_fixed_industry_l8,其他,405,0.0024418654294223957,0.03460176141277227,0.04941523479072416,83.21087953642738,0.5259259259259259,0.4132231404958678,0.29239766081871343,0.3424657534246575,-0.01189270785055341
stock_node_gwnet_fixed_industry_l8,医疗健康,405,0.0036177833605982768,0.03729245273790169,0.06014801210845024,78.35323641043897,0.5580246913580247,0.5054945054945055,0.25555555555555554,0.3394833948339483,0.06614080650728649
stock_node_gwnet_fixed_industry_l8,原材料,405,0.0016900968222132368,0.029202482347623803,0.04111078717579167,15.042715608857803,0.6,0.5384615384615384,0.12727272727272726,0.20588235294117643,0.0870662633853003
stock_node_gwnet_fixed_industry_l8,可选消费,405,0.002884135517250514,0.03777110992864713,0.053704148045104615,120.743660619998,0.5358024691358024,0.65625,0.10606060606060606,0.18260869565217394,0.0980646266176167
stock_node_gwnet_fixed_industry_l8,工业,405,0.0013805072819936016,0.026869906491260757,0.037155178400777485,64.65621988463387,0.5654320987654321,0.55,0.12222222222222222,0.19999999999999998,0.07032215496877249
stock_node_gwnet_fixed_industry_l8,房地产,360,0.0018259704486970321,0.03206353174270282,0.042731375459924434,47.901045759135805,0.5805555555555556,0.6,0.2545454545454545,0.35744680851063826,0.13968858540414544
stock_node_gwnet_fixed_industry_l8,日常消费,360,0.002407697816216474,0.033488989143127854,0.049068297466046996,232.43867209875717,0.5944444444444444,0.3333333333333333,0.08148148148148149,0.13095238095238096,-0.02734111423027674
stock_node_gwnet_fixed_industry_l8,综合,225,0.0007283474277056951,0.02080016414427919,0.02698791262224063,62.98126486516467,0.6044444444444445,0.39705882352941174,0.36,0.37762237762237755,0.08896600147954356
stock_node_gwnet_fixed_industry_l8,能源,225,0.0017346664254300403,0.02667943747610678,0.04164932683045478,109.59944703334169,0.5466666666666666,0.5,0.27450980392156865,0.35443037974683544,0.053961910670214
stock_node_gwnet_fixed_industry_l8,金融,135,0.0024039089397169242,0.03594008399156366,0.0490296740731256,76.79219634245956,0.48148148148148145,0.5714285714285714,0.1111111111111111,0.18604651162790697,0.025974025974025976
stock_node_gwnet_noise_aug_l8,交通运输,360,0.001276181195321695,0.025687688343653727,0.03572367835654239,20.47992965446874,0.6388888888888888,0.48148148148148145,0.10077519379844961,0.16666666666666666,0.07312894472877947
stock_node_gwnet_noise_aug_l8,信息技术,405,0.00372100688592668,0.04273431660912145,0.061000056441995854,60.17150737806417,0.4888888888888889,0.5,0.09178743961352658,0.15510204081632656,-0.007152428287050195
stock_node_gwnet_noise_aug_l8,公用事业,405,0.0009212008266162485,0.023420978743398962,0.03035129036163452,108.49927669882456,0.6024691358024692,0.6597938144329897,0.3333333333333333,0.4429065743944636,0.2087291881194028
stock_node_gwnet_noise_aug_l8,其他,405,0.0024393712729766474,0.034541413826396486,0.049389991627622774,81.87341979011299,0.528395061728395,0.4152542372881356,0.28654970760233917,0.3391003460207613,-0.009045994046504661
stock_node_gwnet_noise_aug_l8,医疗健康,405,0.0036315542535132164,0.037363561516610376,0.06026237842562486,87.12372881350011,0.5580246913580247,0.5054945054945055,0.25555555555555554,0.3394833948339483,0.06614080650728649
stock_node_gwnet_noise_aug_l8,原材料,405,0.0016842124414863878,0.02916121021312669,0.04103915741686698,14.583358692954272,0.5950617283950618,0.5135135135135135,0.11515151515151516,0.18811881188118812,0.06847385202757691
stock_node_gwnet_noise_aug_l8,可选消费,405,0.002885260531404979,0.037730673825753416,0.05371462120693936,124.65259405663264,0.5333333333333333,0.6363636363636364,0.10606060606060606,0.18181818181818182,0.08786995753923511
stock_node_gwnet_noise_aug_l8,工业,405,0.0013796395267421382,0.02684882576361777,0.03714349911817865,71.37278942695755,0.5654320987654321,0.55,0.12222222222222222,0.19999999999999998,0.07032215496877249
stock_node_gwnet_noise_aug_l8,房地产,360,0.0018282639260394174,0.03212888201750397,0.042758203026313175,53.049170322716314,0.5888888888888889,0.6164383561643836,0.2727272727272727,0.37815126050420167,0.1600329356056617
stock_node_gwnet_noise_aug_l8,日常消费,360,0.0024105075650123027,0.03345122966404431,0.04909692011737908,248.90074338740686,0.5944444444444444,0.3333333333333333,0.08148148148148149,0.13095238095238096,-0.02734111423027674
stock_node_gwnet_noise_aug_l8,综合,225,0.0007227622587257924,0.020741789353907896,0.02688423810945351,61.13186442121196,0.6044444444444445,0.39705882352941174,0.36,0.37762237762237755,0.08896600147954356
stock_node_gwnet_noise_aug_l8,能源,225,0.0017390154936142554,0.026773889128429148,0.04170150469244791,127.7908046042632,0.5333333333333333,0.47058823529411764,0.23529411764705882,0.3137254901960785,0.018765184400656342
stock_node_gwnet_noise_aug_l8,金融,135,0.0024104718947857077,0.03601063709119674,0.04909655685265218,78.51984776508388,0.4740740740740741,0.5263157894736842,0.1388888888888889,0.21978021978021975,-0.005692855849765747
stock_node_gwnet_tail_weighted_l8,交通运输,360,0.0012882065644767458,0.026048471666419746,0.03589159462153703,20.48523508251177,0.6333333333333333,0.4838709677419355,0.3488372093023256,0.4054054054054055,0.15451172458943582
stock_node_gwnet_tail_weighted_l8,信息技术,405,0.003722429892503047,0.042698537560616714,0.06101171930459792,22.519530784546678,0.4888888888888889,0.5,0.18840579710144928,0.2736842105263158,-0.010855958412285862
stock_node_gwnet_tail_weighted_l8,公用事业,405,0.0009193921278542101,0.023435438690810533,0.030321479644869084,100.5039850595165,0.6320987654320988,0.6102564102564103,0.6197916666666666,0.6149870801033592,0.26281070158218406
stock_node_gwnet_tail_weighted_l8,其他,405,0.002478282957636516,0.03507882794077838,0.049782355886764905,180.98320219086875,0.4962962962962963,0.41450777202072536,0.4678362573099415,0.43956043956043955,-0.014902692599347608
stock_node_gwnet_tail_weighted_l8,医疗健康,405,0.0036572544164414538,0.0376089126272644,0.060475238043694,43.59260299865337,0.5407407407407407,0.4791666666666667,0.38333333333333336,0.42592592592592593,0.05190342490858749
stock_node_gwnet_tail_weighted_l8,原材料,405,0.0016950912762697214,0.029270756902190366,0.04117148620428611,13.968124183749417,0.5802469135802469,0.47191011235955055,0.2545454545454545,0.3307086614173228,0.06966855768434785
stock_node_gwnet_tail_weighted_l8,可选消费,405,0.0028850914809352606,0.037906150581217386,0.0537130475856217,88.48544134228256,0.5407407407407407,0.5638297872340425,0.2676767676767677,0.363013698630137,0.08242138014108139
stock_node_gwnet_tail_weighted_l8,工业,405,0.0013778786040798932,0.0269443576656753,0.03711978723106981,35.20157643736981,0.5851851851851851,0.5555555555555556,0.3333333333333333,0.4166666666666667,0.13483997249264842
stock_node_gwnet_tail_weighted_l8,房地产,360,0.0018426492913924673,0.03232677634934787,0.04292609103322206,57.08238904848478,0.6083333333333333,0.573170731707317,0.5696969696969697,0.5714285714285715,0.2108241977483847
stock_node_gwnet_tail_weighted_l8,日常消费,360,0.0024386033268708343,0.03386148963440464,0.049382216706733956,171.19378552588128,0.5694444444444444,0.3717948717948718,0.21481481481481482,0.2723004694835681,-0.0034818696671092566
stock_node_gwnet_tail_weighted_l8,综合,225,0.0007678856099086461,0.02158800228395391,0.027710748995807496,131.51252073246462,0.5244444444444445,0.3769230769230769,0.6533333333333333,0.47804878048780486,0.10816840970588222
stock_node_gwnet_tail_weighted_l8,能源,225,0.0017610509179995025,0.02688596698041587,0.041964877195096166,117.6742378386575,0.5822222222222222,0.5408163265306123,0.5196078431372549,0.53,0.15437063396820153
stock_node_gwnet_tail_weighted_l8,金融,135,0.002391197309177153,0.036096681327628,0.04889987023681303,73.72561677256438,0.5333333333333333,0.6285714285714286,0.3055555555555556,0.4112149532710281,0.1129384878631564
