model_id,return_decile,samples,mse,mae,rmse,mape,accuracy,precision,recall,f1,mcc
frets_return_l4__fixed_shrink_a075,D1,450,0.007480411798351566,0.07740804862580261,0.08648937390426391,0.9495288402005877,0.8133333333333334,0.0,0.0,0.0,0.0
frets_return_l4__fixed_shrink_a075,D2,450,0.0018066301796347754,0.04203128672476545,0.042504472466256715,0.9609963134834002,0.74,0.0,0.0,0.0,0.0
frets_return_l4__fixed_shrink_a075,D3,450,0.0007779292590788264,0.027486370450222012,0.02789138324068612,0.943606455890467,0.7288888888888889,0.0,0.0,0.0,0.0
frets_return_l4__fixed_shrink_a075,D4,450,0.0003244410804407811,0.017691608670866086,0.018012248067378517,0.9234335280936029,0.74,0.0,0.0,0.0,0.0
frets_return_l4__fixed_shrink_a075,D5,450,0.00010271503979993113,0.009644203605712368,0.010134842860149887,0.8866541631037441,0.7333333333333333,0.0,0.0,0.0,0.0
frets_return_l4__fixed_shrink_a075,D6,450,1.2433561144332848e-05,0.002800193979508306,0.0035261255145460787,432.894900062545,0.5333333333333333,0.3617021276595745,0.2982456140350877,0.3269230769230769,-0.02546497574570655
frets_return_l4__fixed_shrink_a075,D7,450,5.820740403405032e-05,0.006900863448196648,0.007629377696381948,1.2405197346587855,0.32666666666666666,1.0,0.32666666666666666,0.4924623115577889,0.0
frets_return_l4__fixed_shrink_a075,D8,450,0.00028997193054991266,0.01653913469816965,0.017028562198550784,1.0879159737642723,0.29333333333333333,1.0,0.29333333333333333,0.45360824742268036,0.0
frets_return_l4__fixed_shrink_a075,D9,450,0.0010819628510632827,0.03196447249075081,0.03289320372148755,1.0409731659903063,0.3088888888888889,1.0,0.3088888888888889,0.47198641765704585,0.0
frets_return_l4__fixed_shrink_a075,D10,450,0.009212234610727963,0.08660547510002889,0.09598038659397014,1.034727832647858,0.27555555555555555,1.0,0.27555555555555555,0.43205574912891986,0.0
naive,D1,450,0.00801980681113267,0.0810390070825815,0.08955337409127961,1.0,0.0,0.0,0.0,0.0,0.0
naive,D2,450,0.0019387274395916013,0.04370380414028958,0.04403098272343693,1.0,0.0,0.0,0.0,0.0,0.0
naive,D3,450,0.0008601869727934911,0.029150468632578804,0.02932894428365077,1.0,0.0,0.0,0.0,0.0,0.0
naive,D4,450,0.0003725310909605849,0.01916169346620634,0.019301064503300974,1.0,0.0,0.0,0.0,0.0,0.0
naive,D5,450,0.00012486733514294524,0.010928237757955943,0.011174405359702379,1.0,0.0,0.0,0.0,0.0,0.0
naive,D6,450,1.0676669420266047e-05,0.0024840150261297438,0.0032675173175158606,0.7466666666666667,0.38,0.38,1.0,0.5507246376811594,0.0
naive,D7,450,4.138089903353147e-05,0.0059268458311756,0.006432798693689355,1.0,1.0,1.0,1.0,1.0,0.0
naive,D8,450,0.00024200559432612052,0.01526783587411041,0.015556528993516533,1.0,1.0,1.0,1.0,1.0,0.0
naive,D9,450,0.0009920351225059382,0.03069961987435813,0.03149658906145137,1.0,1.0,1.0,1.0,1.0,0.0
naive,D10,450,0.008785964688617384,0.08418524446586764,0.09373347688322131,1.0,1.0,1.0,1.0,1.0,0.0
stock_node_gwnet_feature_mask_l8,D1,450,0.007055615355565421,0.07366213461047866,0.08399771041859071,0.8952487941733531,0.8866666666666667,0.0,0.0,0.0,0.0
stock_node_gwnet_feature_mask_l8,D2,450,0.0015079913549033686,0.037998515284465,0.03883286436645343,0.8660757287001372,0.88,0.0,0.0,0.0,0.0
stock_node_gwnet_feature_mask_l8,D3,450,0.0006388735576832712,0.024613558122784714,0.02527594820542389,0.8443561286129471,0.8244444444444444,0.0,0.0,0.0,0.0
stock_node_gwnet_feature_mask_l8,D4,450,0.00024978605707025043,0.015021278321122105,0.015804621383324894,0.7826407299705573,0.8244444444444444,0.0,0.0,0.0,0.0
stock_node_gwnet_feature_mask_l8,D5,450,6.677868258363656e-05,0.007131244517448863,0.008171822476267859,0.6569301113788081,0.8466666666666667,0.0,0.0,0.0,0.0
stock_node_gwnet_feature_mask_l8,D6,450,2.3851971929743118e-05,0.0037638476563410283,0.004883848065792292,872.084923125954,0.62,0.5,0.2573099415204678,0.33976833976833976,0.12189352986884615
stock_node_gwnet_feature_mask_l8,D7,450,0.00012318141667089962,0.00955853351676416,0.01109871238797094,1.8642302629052956,0.26666666666666666,1.0,0.26666666666666666,0.4210526315789474,0.0
stock_node_gwnet_feature_mask_l8,D8,450,0.00037468236262900234,0.018528312608961765,0.019356713631941823,1.2242410238321988,0.24,1.0,0.24,0.3870967741935484,0.0
stock_node_gwnet_feature_mask_l8,D9,450,0.0012933940245810048,0.035041282849593215,0.035963787684016334,1.151136613763428,0.15555555555555556,1.0,0.15555555555555556,0.2692307692307693,0.0
stock_node_gwnet_feature_mask_l8,D10,450,0.010040964025472113,0.09095233129958305,0.10020461079946429,1.0942964486412892,0.12,1.0,0.12,0.21428571428571425,0.0
stock_node_gwnet_fixed_industry_l8,D1,450,0.007097376906162377,0.07400465969410208,0.08424593109558691,0.8998984878904864,0.8955555555555555,0.0,0.0,0.0,0.0
stock_node_gwnet_fixed_industry_l8,D2,450,0.0015131955784837673,0.038107057456185825,0.03889981463302579,0.8686353313119703,0.8911111111111111,0.0,0.0,0.0,0.0
stock_node_gwnet_fixed_industry_l8,D3,450,0.0006428156739941589,0.02476434375702713,0.02535380985166054,0.8495756028660089,0.84,0.0,0.0,0.0,0.0
stock_node_gwnet_fixed_industry_l8,D4,450,0.0002501124298934904,0.01508099724098831,0.01581494324660985,0.7857198626276488,0.8222222222222222,0.0,0.0,0.0,0.0
stock_node_gwnet_fixed_industry_l8,D5,450,6.531099788578144e-05,0.007119310189348944,0.008081522003050009,0.654046654694966,0.8577777777777778,0.0,0.0,0.0,0.0
stock_node_gwnet_fixed_industry_l8,D6,450,2.144185236766528e-05,0.0035485801211971846,0.00463053478203817,802.6927414864449,0.6222222222222222,0.5058823529411764,0.25146198830409355,0.3359375,0.12515270466316641
stock_node_gwnet_fixed_industry_l8,D7,450,0.00011877711421410445,0.009463243241318331,0.010898491373309631,1.8395215919670618,0.25333333333333335,1.0,0.25333333333333335,0.4042553191489362,0.0
stock_node_gwnet_fixed_industry_l8,D8,450,0.00037041156490899156,0.01848207420203827,0.019246079208737336,1.2217209975908612,0.22,1.0,0.22,0.36065573770491804,0.0
stock_node_gwnet_fixed_industry_l8,D9,450,0.0012852575522973304,0.03495244848412557,0.03585048887110649,1.147904864712803,0.14222222222222222,1.0,0.14222222222222222,0.2490272373540856,0.0
stock_node_gwnet_fixed_industry_l8,D10,450,0.009980687108965776,0.0906935366481128,0.09990338887628275,1.091057491512966,0.10888888888888888,1.0,0.10888888888888888,0.1963927855711423,0.0
stock_node_gwnet_noise_aug_l8,D1,450,0.007058460353708164,0.07370634369629746,0.08401464368613465,0.8958627635090246,0.8977777777777778,0.0,0.0,0.0,0.0
stock_node_gwnet_noise_aug_l8,D2,450,0.0015059155078036798,0.03799104115615288,0.03880612719408727,0.8659869247487887,0.8933333333333333,0.0,0.0,0.0,0.0
stock_node_gwnet_noise_aug_l8,D3,450,0.0006362419914352904,0.024593433694810492,0.025223837761833356,0.843631594836923,0.84,0.0,0.0,0.0,0.0
stock_node_gwnet_noise_aug_l8,D4,450,0.00024876739164373876,0.015010539894250921,0.01577236163812315,0.7821333703860461,0.8155555555555556,0.0,0.0,0.0,0.0
stock_node_gwnet_noise_aug_l8,D5,450,6.467074832977581e-05,0.007034560469651791,0.008041812502774222,0.6463916646058024,0.8577777777777778,0.0,0.0,0.0,0.0
stock_node_gwnet_noise_aug_l8,D6,450,2.2893200402539418e-05,0.003682956757386075,0.004784683939670354,860.0410584605687,0.6266666666666667,0.5172413793103449,0.2631578947368421,0.34883720930232553,0.13842156175675463
stock_node_gwnet_noise_aug_l8,D7,450,0.00012142605631738744,0.009553286150459956,0.011019349178485426,1.8581736224070513,0.25333333333333335,1.0,0.25333333333333335,0.4042553191489362,0.0
stock_node_gwnet_noise_aug_l8,D8,450,0.00037591339764203146,0.018608136398510722,0.01938848621326666,1.2299974262470854,0.22,1.0,0.22,0.36065573770491804,0.0
stock_node_gwnet_noise_aug_l8,D9,450,0.001296253069375128,0.035100929600497,0.036003514680863144,1.1531780663579765,0.14,1.0,0.14,0.24561403508771928,0.0
stock_node_gwnet_noise_aug_l8,D10,450,0.0100314720418464,0.09091492501889453,0.10015723659250189,1.0937570116104205,0.10888888888888888,1.0,0.10888888888888888,0.1963927855711423,0.0
stock_node_gwnet_tail_weighted_l8,D1,450,0.00731369979339112,0.07531140549858617,0.08552017185080442,0.9183752839843589,0.7911111111111111,0.0,0.0,0.0,0.0
stock_node_gwnet_tail_weighted_l8,D2,450,0.0016498504642657743,0.03977328356200207,0.040618351323826206,0.9077090400716786,0.7577777777777778,0.0,0.0,0.0,0.0
stock_node_gwnet_tail_weighted_l8,D3,450,0.0007416100680722902,0.02655920922963153,0.027232518577470763,0.9119309596966131,0.6644444444444444,0.0,0.0,0.0,0.0
stock_node_gwnet_tail_weighted_l8,D4,450,0.0003165025401132942,0.016929044900720693,0.01779051826432536,0.8835791564703257,0.6533333333333333,0.0,0.0,0.0,0.0
stock_node_gwnet_tail_weighted_l8,D5,450,9.752182374604825e-05,0.008807062706133944,0.009875313855571794,0.8157696523991953,0.6888888888888889,0.0,0.0,0.0,0.0
stock_node_gwnet_tail_weighted_l8,D6,450,2.399481327154474e-05,0.003897780966944948,0.004898450088706094,773.1920558759774,0.5911111111111111,0.4632768361581921,0.47953216374269003,0.4712643678160919,0.13814713536468176
stock_node_gwnet_tail_weighted_l8,D7,450,9.709773395007641e-05,0.008005808853389022,0.00985381824218797,1.5648004137037461,0.4311111111111111,1.0,0.4311111111111111,0.6024844720496895,0.0
stock_node_gwnet_tail_weighted_l8,D8,450,0.0003103302281226268,0.0165880316195802,0.01761619221405769,1.0924965219111191,0.4622222222222222,1.0,0.4622222222222222,0.6322188449848024,0.0
stock_node_gwnet_tail_weighted_l8,D9,450,0.0011724781877674557,0.033231590621225056,0.034241468831921563,1.089902368659633,0.3466666666666667,1.0,0.3466666666666667,0.5148514851485149,0.0
stock_node_gwnet_tail_weighted_l8,D10,450,0.009776187830347121,0.08940084496409523,0.0988746066002142,1.0725894672469813,0.25333333333333335,1.0,0.25333333333333335,0.4042553191489362,0.0
